﻿{
  "name": "Pipeline 1",
  "properties": {
    "activities": [
      {
        "name": "00_preparedata",
        "type": "SynapseNotebook",
        "dependsOn": [],
        "policy": {
          "timeout": "7.00:00:00",
          "retry": 0,
          "retryIntervalInSeconds": 30,
          "secureOutput": false,
          "secureInput": false
        },
        "userProperties": [],
        "typeProperties": {
          "notebook": {
            "referenceName": "00_preparedata",
            "type": "NotebookReference"
          },
          "snapshot": true,
          "sparkPool": {
            "referenceName": "spark1",
            "type": "BigDataPoolReference"
          }
        }
      },
      {
        "name": "01_train_diabetes_readmission_automl",
        "type": "SynapseNotebook",
        "dependsOn": [
          {
            "activity": "00_preparedata",
            "dependencyConditions": [
              "Succeeded"
            ]
          }
        ],
        "policy": {
          "timeout": "7.00:00:00",
          "retry": 0,
          "retryIntervalInSeconds": 30,
          "secureOutput": false,
          "secureInput": false
        },
        "userProperties": [],
        "typeProperties": {
          "notebook": {
            "referenceName": "01_train_diabetes_readmission_automl",
            "type": "NotebookReference"
          },
          "snapshot": true,
          "sparkPool": {
            "referenceName": "spark1",
            "type": "BigDataPoolReference"
          }
        }
      }
    ],
    "annotations": []
  }
}