﻿{
  "name": "Pipeline 2",
  "properties": {
    "activities": [
      {
        "name": "02_deploy_AKS_diabetes_readmission_model",
        "type": "SynapseNotebook",
        "dependsOn": [],
        "policy": {
          "timeout": "7.00:00:00",
          "retry": 0,
          "retryIntervalInSeconds": 30,
          "secureOutput": false,
          "secureInput": false
        },
        "userProperties": [],
        "typeProperties": {
          "notebook": {
            "referenceName": "02_deploy_AKS_diabetes_readmission_model",
            "type": "NotebookReference"
          },
          "snapshot": true,
          "sparkPool": {
            "referenceName": "spark1",
            "type": "BigDataPoolReference"
          }
        }
      }
    ],
    "annotations": [],
    "lastPublishTime": "2022-07-18T14:12:33Z"
  },
  "type": "Microsoft.Synapse/workspaces/pipelines"
}