﻿{
  "name": "Pipeline 3",
  "properties": {
    "activities": [
      {
        "name": "03_load_predictions",
        "type": "SynapseNotebook",
        "dependsOn": [],
        "policy": {
          "timeout": "7.00:00:00",
          "retry": 0,
          "retryIntervalInSeconds": 30,
          "secureOutput": false,
          "secureInput": false
        },
        "userProperties": [],
        "typeProperties": {
          "notebook": {
            "referenceName": "03_load_predictions",
            "type": "NotebookReference"
          },
          "snapshot": true,
          "sparkPool": {
            "referenceName": "spark1",
            "type": "BigDataPoolReference"
          }
        }
      }
    ],
    "annotations": []
  }
}